Notificationid,Age,Catagory,Color,Date,Discount,Gender,Iteam,Region,Time,Popularity
0,39,ComputerAndMobile,Violet,24-02-2015,55,M,MacBook,city3,22:55:49,73
1,53,Fashion,DarkGreen,07-06-2015,25,F,Radowatch,city4,20:39:50,40
2,53,Fashion,Bisque,01-01-2015,25,F,RaybanGlasses,city4,18:52:44,93
3,41,ComputerAndMobile,SaddleBrown,28-04-2015,50,M,Dell,city3,21:13:25,79
4,45,Grossaries,MediumAquaMarine,21-07-2015,5,M,WheelSoap,city5,07:09:52,42
5,18,Fashion,FloralWhite,21-05-2015,25,F,Radowatch,city1,06:03:03,55
6,19,ComputerAndMobile,DarkSlateBlue,01-08-2015,65,M,IphoneXs,city2,22:40:52,71
7,34,Grossaries,Aqua,06-04-2015,5,F,GaramMasala,city5,07:35:45,95
8,43,ComputerAndMobile,Salmon,21-04-2015,50,M,MacBook,city3,23:38:34,99
9,31,ComputerAndMobile,Brown,25-01-2015,60,M,OnePlus6T,city3,17:49:49,2
10,35,ComputerAndMobile,Tomato,11-07-2015,55,M,IphoneXs,city3,18:26:54,90
11,32,ComputerAndMobile,Tomato,29-05-2015,50,M,Dell,city3,16:22:02,70
12,33,ComputerAndMobile,RoyalBlue,16-06-2015,50,M,MacBook,city3,21:19:35,78
13,38,ComputerAndMobile,Bisque,03-03-2015,50,M,OnePlus6T,city3,19:17:07,71
14,24,Fashion,DarkBlue,16-02-2015,25,F,RaybanGlasses,city1,02:50:30,21
15,24,Fashion,Peru,01-02-2015,25,F,Garniearcream,city1,01:06:17,71
16,23,Fashion,PowderBlue,15-05-2015,30,F,NikeShoes,city1,03:52:08,59
17,38,Grossaries,OliveDrab,20-03-2015,10,F,Turdal,city5,00:31:27,34
18,24,Fashion,Cyan,03-02-2015,30,F,RaybanGlasses,city1,00:48:38,9
19,53,Grossaries,LightSeaGreen,17-07-2015,15,F,GaramMasala,city5,05:48:45,15
20,23,ComputerAndMobile,PeachPuff,08-07-2015,50,M,MacBook,city2,15:35:44,15
21,28,ComputerAndMobile,Black,08-08-2015,60,M,OnePlus6T,city2,20:05:50,82
22,24,ComputerAndMobile,Olive,30-01-2015,50,M,IphoneXs,city2,08:50:29,56
23,34,ElectronicsAppliances,Silver,08-01-2015,40,M,MorphyToaster,city5,11:47:29,51
24,35,Grossaries,Wheat,11-01-2015,15,F,WheelSoap,city5,01:51:15,91
25,36,ComputerAndMobile,Teal,04-01-2015,55,M,OnePlus6T,city3,22:32:33,36
26,32,ElectronicsAppliances,Linen,28-01-2015,35,M,UshaIronBox,city5,12:53:51,13
27,28,ElectronicsAppliances,MediumSlateBlue,12-07-2015,40,M,MorphyToaster,city4,14:14:04,64
28,19,ComputerAndMobile,LemonChiffon,29-05-2015,65,M,MacBook,city2,17:55:17,52
29,27,Grossaries,DarkOrchid,07-01-2015,10,F,Turdal,city1,03:44:53,41
30,39,ComputerAndMobile,SeaGreen,03-04-2015,50,M,IphoneXs,city3,20:06:51,23
31,56,Fashion,SteelBlue,05-08-2015,30,F,Garniearcream,city4,23:50:35,45
32,32,ComputerAndMobile,DarkMagenta,13-02-2015,65,M,MacBook,city3,18:16:05,8
33,21,Fashion,DarkGoldenRod,03-01-2015,30,F,Radowatch,city1,03:29:05,65
34,22,ComputerAndMobile,DarkSeaGreen,12-06-2015,60,M,IphoneXs,city2,19:11:32,32
35,39,ElectronicsAppliances,Gainsboro,09-02-2015,40,M,MorphyToaster,city5,13:01:40,17
36,35,Grossaries,HotPink,31-01-2015,5,F,WheelSoap,city5,01:18:43,78
37,30,ComputerAndMobile,LightSeaGreen,12-08-2015,55,M,OnePlus6T,city2,20:24:19,0
38,57,Grossaries,HoneyDew,25-04-2015,15,F,Ketchup,city5,12:52:46,77
39,30,Grossaries,WhiteSmoke,25-05-2015,5,F,GaramMasala,city1,00:37:29,81
40,44,ElectronicsAppliances,GhostWhite,16-08-2015,40,M,LGTV,city5,12:56:45,93
41,36,ComputerAndMobile,DarkSlateBlue,19-03-2015,50,M,OnePlus6T,city3,23:56:21,78
42,19,Fashion,Chocolate,09-06-2015,30,F,RaybanGlasses,city1,00:32:53,69
43,40,ElectronicsAppliances,HoneyDew,19-02-2015,35,M,MorphyToaster,city5,12:31:25,45
44,35,ComputerAndMobile,Snow,25-07-2015,50,M,MacBook,city3,10:41:51,2
45,55,Fashion,BurlyWood,16-08-2015,25,F,Radowatch,city4,20:48:52,89
46,23,Fashion,Moccasin,24-01-2015,30,F,RaybanGlasses,city1,05:56:03,80
47,24,Fashion,BlueViolet,03-05-2015,25,F,Garniearcream,city1,08:12:33,86
48,37,Grossaries,MediumBlue,17-05-2015,15,F,WheelSoap,city5,04:21:24,61
49,23,ComputerAndMobile,GreenYellow,22-06-2015,50,M,OnePlus6T,city2,19:30:06,60
50,45,ComputerAndMobile,SandyBrown,12-05-2015,55,M,IphoneXs,city3,18:58:01,76
51,44,ComputerAndMobile,MediumVioletRed,13-02-2015,60,M,Dell,city3,10:28:34,79
52,32,ElectronicsAppliances,DarkBlue,08-01-2015,35,M,LGTV,city5,12:17:12,96
53,20,Fashion,SandyBrown,06-07-2015,25,F,Radowatch,city1,05:45:48,54
54,38,ComputerAndMobile,DarkOliveGreen,10-07-2015,55,M,IphoneXs,city3,08:29:46,76
55,48,ComputerAndMobile,GreenYellow,09-02-2015,60,M,Dell,city3,11:04:46,46
56,25,Fashion,DarkSalmon,16-01-2015,25,F,NikeShoes,city1,06:15:54,82
57,25,ElectronicsAppliances,DarkSeaGreen,04-07-2015,40,M,SamsungRefigerator,city4,14:10:15,5
58,31,Grossaries,DeepPink,14-05-2015,10,F,Ketchup,city5,04:54:06,53
59,30,Grossaries,Olive,01-02-2015,5,F,GaramMasala,city1,05:59:23,55
60,28,Grossaries,SkyBlue,18-01-2015,5,F,WheelSoap,city1,02:51:59,52
61,46,ComputerAndMobile,Magenta,20-02-2015,65,M,OnePlus6T,city3,18:29:06,50
62,41,ElectronicsAppliances,DarkTurquoise,18-04-2015,35,M,UshaIronBox,city5,14:33:58,3
63,35,ComputerAndMobile,Silver,05-01-2015,65,M,Dell,city3,21:07:24,26
64,36,ComputerAndMobile,SpringGreen,07-01-2015,50,M,MacBook,city3,17:45:16,6
65,20,ComputerAndMobile,OliveDrab,28-06-2015,55,M,OnePlus6T,city2,16:32:30,98
66,31,ElectronicsAppliances,Aqua,30-04-2015,35,M,UshaIronBox,city5,12:38:53,74
67,29,ComputerAndMobile,OrangeRed,02-06-2015,65,M,Dell,city2,17:33:46,44
68,26,Grossaries,LimeGreen,13-04-2015,15,F,WheelSoap,city1,05:58:38,65
69,22,ComputerAndMobile,SkyBlue,15-03-2015,50,M,OnePlus6T,city2,08:44:50,41
70,24,ComputerAndMobile,LightGreen,22-07-2015,60,M,IphoneXs,city2,17:08:40,57
71,43,ComputerAndMobile,SandyBrown,26-04-2015,55,M,Dell,city3,18:42:15,34
72,25,Fashion,Teal,29-05-2015,30,F,NikeShoes,city1,02:42:02,53
73,22,Fashion,LightYellow,29-07-2015,25,F,Radowatch,city1,00:27:44,44
74,19,ComputerAndMobile,MintCream,16-07-2015,50,M,IphoneXs,city2,08:48:35,99
75,32,ComputerAndMobile,DimGray,22-07-2015,65,M,Dell,city3,10:58:12,90
76,25,ComputerAndMobile,Indigo,29-04-2015,55,M,MacBook,city2,10:01:35,100
77,30,Grossaries,LightSalmon,07-01-2015,15,F,Turdal,city1,08:15:53,32
78,19,ComputerAndMobile,GreenYellow,04-02-2015,65,M,IphoneXs,city2,19:55:13,74
79,32,ComputerAndMobile,DeepSkyBlue,03-07-2015,55,M,Dell,city3,08:29:04,14
80,35,ComputerAndMobile,DarkGreen,08-02-2015,65,M,MacBook,city3,17:21:14,63
81,24,Fashion,LimeGreen,10-05-2015,25,F,Radowatch,city1,07:26:20,63
82,33,ComputerAndMobile,DarkGoldenRod,05-07-2015,60,M,IphoneXs,city3,10:31:29,82
83,43,ComputerAndMobile,Turquoise,10-01-2015,65,M,Dell,city3,23:23:25,84
84,45,ComputerAndMobile,LightGreen,27-03-2015,50,M,MacBook,city3,18:16:18,16
85,23,Fashion,LightSteelBlue,06-07-2015,30,F,Radowatch,city1,01:46:15,87
86,20,Fashion,Cornsilk,22-07-2015,25,F,RaybanGlasses,city1,03:22:15,41
87,44,Grossaries,LemonChiffon,12-01-2015,5,F,GaramMasala,city5,07:55:07,69
88,39,ComputerAndMobile,DarkKhaki,28-06-2015,60,M,MacBook,city3,21:49:06,85
89,45,ElectronicsAppliances,FireBrick,30-01-2015,40,M,SamsungRefigerator,city5,11:43:14,45
90,47,ComputerAndMobile,LightSeaGreen,02-01-2015,65,M,IphoneXs,city3,16:49:52,75
91,23,Fashion,SlateGray,24-04-2015,30,F,Garniearcream,city1,05:19:29,67
92,19,Fashion,Crimson,24-07-2015,30,F,NikeShoes,city1,03:39:03,95
93,26,Grossaries,MidnightBlue,17-04-2015,5,F,Turdal,city1,07:26:15,81
94,39,Grossaries,DarkGoldenRod,13-05-2015,10,F,Ketchup,city5,02:48:43,98
95,36,ComputerAndMobile,DarkCyan,06-04-2015,50,M,Dell,city3,23:14:54,47
96,20,ElectronicsAppliances,SteelBlue,11-06-2015,35,M,LGTV,city4,12:40:52,26
97,24,ComputerAndMobile,OldLace,24-05-2015,50,M,OnePlus6T,city2,21:16:35,10
98,24,Fashion,MediumBlue,18-03-2015,25,F,RaybanGlasses,city1,03:36:41,5
99,35,Grossaries,Gray,04-07-2015,15,F,GaramMasala,city5,00:59:46,83
100,19,ComputerAndMobile,LightPink,02-06-2015,50,M,MacBook,city2,22:31:55,27
101,34,ComputerAndMobile,BlanchedAlmond,30-05-2015,60,M,OnePlus6T,city3,16:06:31,43
102,23,Fashion,Wheat,16-02-2015,30,F,RaybanGlasses,city1,03:40:02,66
103,60,ElectronicsAppliances,Aqua,24-03-2015,40,F,MorphyToaster,city5,09:08:01,13
104,46,ComputerAndMobile,BlueViolet,17-04-2015,55,M,MacBook,city3,18:52:04,23
105,24,Fashion,CadetBlue,07-02-2015,25,F,Radowatch,city1,07:27:00,10
106,36,ComputerAndMobile,PaleTurquoise,03-07-2015,50,M,IphoneXs,city3,09:31:29,77
107,27,Grossaries,DimGray,09-05-2015,10,F,GaramMasala,city1,07:29:41,11
108,37,ComputerAndMobile,Moccasin,03-05-2015,55,M,MacBook,city3,22:40:07,59
109,31,Grossaries,Chartreuse,24-05-2015,15,F,Turdal,city5,04:19:36,31
110,27,Grossaries,Khaki,25-03-2015,15,F,Ketchup,city1,05:08:36,77
111,22,ComputerAndMobile,MediumSpringGreen,06-01-2015,60,M,Dell,city2,21:48:13,50
112,34,ComputerAndMobile,LemonChiffon,09-03-2015,50,M,MacBook,city3,19:43:25,80
113,21,ComputerAndMobile,PeachPuff,24-01-2015,50,M,OnePlus6T,city2,10:49:49,9
114,26,ComputerAndMobile,Lime,24-07-2015,65,M,IphoneXs,city2,22:15:08,30
115,32,Grossaries,Tomato,23-02-2015,15,F,GaramMasala,city5,06:07:21,31
116,31,ComputerAndMobile,SlateBlue,23-07-2015,55,M,MacBook,city3,20:14:14,53
117,29,ComputerAndMobile,Orange,20-06-2015,55,M,OnePlus6T,city2,15:14:00,65
118,39,ComputerAndMobile,Fuchsia,29-05-2015,50,M,IphoneXs,city3,11:37:08,95
119,26,ComputerAndMobile,GoldenRod,15-06-2015,65,M,Dell,city2,11:19:56,22
120,41,ElectronicsAppliances,GreenYellow,08-07-2015,35,M,LGTV,city5,13:13:54,31
121,22,ComputerAndMobile,ForestGreen,11-07-2015,50,M,OnePlus6T,city2,09:45:26,80
122,38,Grossaries,Moccasin,22-03-2015,15,F,Ketchup,city5,05:17:02,72
123,28,Grossaries,Indigo,11-02-2015,5,F,GaramMasala,city1,03:35:58,26
124,33,ElectronicsAppliances,SlateBlue,21-05-2015,35,M,LGTV,city5,12:34:52,87
125,56,ElectronicsAppliances,Cyan,20-05-2015,40,F,SamsungRefigerator,city5,08:42:48,41
126,39,ComputerAndMobile,MintCream,09-07-2015,60,M,IphoneXs,city3,11:11:35,6
127,19,Fashion,Lime,07-07-2015,25,F,Garniearcream,city1,03:33:01,46
128,39,ElectronicsAppliances,Moccasin,18-04-2015,40,M,LGTV,city5,12:26:02,38
129,31,ComputerAndMobile,Green,11-07-2015,50,M,OnePlus6T,city3,22:10:28,100
130,36,ComputerAndMobile,LightSkyBlue,22-07-2015,55,M,IphoneXs,city3,15:54:25,4
131,35,ComputerAndMobile,BlueViolet,13-08-2015,55,M,Dell,city3,17:21:02,83
132,41,ElectronicsAppliances,Azure,26-03-2015,40,M,LGTV,city5,12:11:48,66
133,31,Grossaries,LightGray,30-07-2015,15,F,Turdal,city5,00:25:42,37
134,33,Grossaries,DarkCyan,05-01-2015,5,F,Ketchup,city5,00:09:57,44
135,23,Fashion,GreenYellow,07-04-2015,30,F,Garniearcream,city1,01:03:13,66
136,41,ComputerAndMobile,Crimson,13-08-2015,65,M,MacBook,city3,22:48:43,0
137,52,Fashion,MediumOrchid,30-01-2015,25,F,Radowatch,city4,18:49:32,94
138,42,ComputerAndMobile,Sienna,20-01-2015,60,M,IphoneXs,city3,19:23:59,33
139,25,ElectronicsAppliances,Aquamarine,21-06-2015,40,M,MorphyToaster,city4,11:41:49,68
140,35,ComputerAndMobile,FloralWhite,16-02-2015,65,M,MacBook,city3,11:10:36,45
141,27,ComputerAndMobile,SlateBlue,10-01-2015,65,M,OnePlus6T,city2,17:13:50,26
142,33,ComputerAndMobile,Sienna,19-04-2015,60,M,IphoneXs,city3,17:29:41,8
143,35,Grossaries,LimeGreen,19-03-2015,5,F,GaramMasala,city5,02:18:38,5
144,49,ComputerAndMobile,Teal,21-05-2015,60,M,MacBook,city3,17:58:06,6
145,33,Grossaries,WhiteSmoke,07-07-2015,15,F,Turdal,city5,04:37:35,53
146,28,Grossaries,Purple,08-01-2015,10,F,Ketchup,city1,05:42:01,81
147,20,ElectronicsAppliances,SlateGray,01-03-2015,35,M,MorphyToaster,city4,12:29:40,18
148,18,ElectronicsAppliances,LightPink,21-07-2015,35,M,LGTV,city4,12:58:57,77
149,28,ComputerAndMobile,LimeGreen,22-02-2015,50,M,OnePlus6T,city2,22:59:34,67
150,33,ComputerAndMobile,DarkSlateBlue,23-03-2015,65,M,IphoneXs,city3,22:59:35,20
151,33,ComputerAndMobile,DimGray,01-07-2015,60,M,Dell,city3,11:06:00,96
152,45,ComputerAndMobile,CornflowerBlue,18-07-2015,55,M,MacBook,city3,16:09:00,74
153,23,ComputerAndMobile,DarkSlateGray,20-01-2015,55,M,OnePlus6T,city2,09:09:32,25
154,23,Fashion,MidnightBlue,23-03-2015,25,F,RaybanGlasses,city1,03:00:18,90
155,18,ComputerAndMobile,LightSkyBlue,11-06-2015,50,M,Dell,city2,19:31:43,18
156,36,ComputerAndMobile,MediumBlue,09-04-2015,65,M,MacBook,city3,16:16:33,55
157,33,Grossaries,Wheat,06-08-2015,5,F,Turdal,city5,04:20:12,83
158,36,ComputerAndMobile,SpringGreen,05-08-2015,55,M,IphoneXs,city3,23:38:51,0
159,25,Fashion,DarkRed,07-04-2015,25,F,Garniearcream,city1,07:36:19,46
160,34,ComputerAndMobile,Orange,06-01-2015,65,M,MacBook,city3,08:56:42,98
161,34,Grossaries,LightGray,17-08-2015,15,F,Turdal,city5,03:30:12,90
162,29,Grossaries,DarkViolet,10-06-2015,10,F,Ketchup,city1,04:22:41,28
163,23,ComputerAndMobile,LimeGreen,12-05-2015,50,M,Dell,city2,21:55:14,94
164,31,ComputerAndMobile,CadetBlue,28-07-2015,50,M,MacBook,city3,21:06:40,57
165,19,ElectronicsAppliances,DarkMagenta,16-05-2015,35,M,SamsungRefigerator,city4,12:43:31,65
166,44,ComputerAndMobile,ForestGreen,21-07-2015,60,M,IphoneXs,city3,20:25:23,70
167,40,ElectronicsAppliances,LightSkyBlue,02-04-2015,40,M,MorphyToaster,city5,11:41:48,16
168,20,ComputerAndMobile,MediumAquaMarine,31-05-2015,55,M,MacBook,city2,18:33:44,23
169,30,ComputerAndMobile,Salmon,04-08-2015,50,M,OnePlus6T,city2,16:59:50,80
170,39,Grossaries,LavenderBlush,15-05-2015,15,F,Ketchup,city5,05:45:18,95
171,33,ComputerAndMobile,Green,26-01-2015,55,M,Dell,city3,18:45:26,83
172,18,Fashion,SpringGreen,05-03-2015,25,F,NikeShoes,city1,05:59:50,24
173,34,ComputerAndMobile,Navy,15-05-2015,50,M,OnePlus6T,city3,11:23:47,22
174,40,Grossaries,OliveDrab,27-05-2015,5,F,Ketchup,city5,06:12:10,21
175,30,ElectronicsAppliances,LightSalmon,07-01-2015,40,M,MorphyToaster,city4,11:51:20,8
176,50,Grossaries,RosyBrown,31-01-2015,15,F,WheelSoap,city5,12:35:18,68
177,25,Fashion,DeepPink,16-02-2015,30,F,Radowatch,city1,00:47:32,32
178,36,Grossaries,Pink,25-04-2015,15,F,Ketchup,city5,01:26:17,64
179,41,Grossaries,LightGreen,19-05-2015,15,F,GaramMasala,city5,01:33:35,94
180,40,ComputerAndMobile,GreenYellow,25-07-2015,50,M,MacBook,city3,21:44:24,48
181,25,Fashion,Sienna,14-06-2015,25,F,Radowatch,city1,04:04:33,29
182,32,ElectronicsAppliances,DarkKhaki,25-05-2015,40,M,UshaIronBox,city5,13:36:51,6
183,44,Grossaries,LightGray,11-08-2015,10,F,GaramMasala,city5,06:38:46,99
184,29,ComputerAndMobile,DarkRed,10-03-2015,50,M,MacBook,city2,20:12:14,32
185,33,ComputerAndMobile,Aqua,24-04-2015,50,M,OnePlus6T,city3,18:24:23,2
186,22,ElectronicsAppliances,Red,17-06-2015,40,M,UshaIronBox,city4,14:27:32,73
187,28,Grossaries,Lavender,27-05-2015,10,F,GaramMasala,city1,06:08:36,28
188,33,Grossaries,DeepPink,20-06-2015,5,F,WheelSoap,city5,06:20:05,16
189,32,ComputerAndMobile,White,16-01-2015,50,M,OnePlus6T,city3,15:22:39,57
190,39,ComputerAndMobile,MediumSeaGreen,08-01-2015,65,M,IphoneXs,city3,09:32:59,76
191,29,ComputerAndMobile,MediumPurple,05-06-2015,55,M,Dell,city2,22:59:23,92
192,29,ComputerAndMobile,LightGreen,02-01-2015,65,M,MacBook,city2,22:58:06,82
193,28,ElectronicsAppliances,Tan,07-01-2015,40,M,SamsungRefigerator,city4,14:00:20,77
194,52,Fashion,LawnGreen,08-03-2015,30,F,RaybanGlasses,city4,16:45:35,4
195,56,Fashion,LightSkyBlue,06-03-2015,25,F,Garniearcream,city4,15:37:39,70
196,36,Grossaries,BurlyWood,15-07-2015,5,F,WheelSoap,city5,00:21:41,18
197,47,Grossaries,Peru,12-08-2015,15,F,Turdal,city5,01:09:32,41
198,30,Grossaries,Thistle,22-04-2015,10,F,Ketchup,city1,01:23:03,29
199,26,Grossaries,DarkMagenta,24-01-2015,10,F,GaramMasala,city1,03:12:18,57
200,22,ComputerAndMobile,LemonChiffon,29-05-2015,55,M,MacBook,city2,09:54:34,15
201,49,Grossaries,MediumVioletRed,15-02-2015,15,F,Turdal,city5,00:34:07,2
202,25,ElectronicsAppliances,Teal,14-05-2015,35,M,UshaIronBox,city4,14:36:51,87
203,25,Fashion,SlateGray,13-07-2015,25,F,Garniearcream,city1,02:13:42,15
204,26,ComputerAndMobile,Turquoise,20-02-2015,65,M,MacBook,city2,21:02:08,43
205,21,ComputerAndMobile,Gainsboro,14-02-2015,65,M,OnePlus6T,city2,23:24:11,5
206,32,ComputerAndMobile,Orchid,08-03-2015,65,M,IphoneXs,city3,15:11:25,91
207,38,Grossaries,Yellow,04-01-2015,5,F,GaramMasala,city5,04:20:27,21
208,26,ComputerAndMobile,AntiqueWhite,03-07-2015,55,M,MacBook,city2,15:06:47,29
209,36,ComputerAndMobile,AliceBlue,30-06-2015,65,M,OnePlus6T,city3,23:28:44,45
210,41,Grossaries,Tomato,14-02-2015,5,F,Ketchup,city5,05:26:36,26
211,33,ComputerAndMobile,PapayaWhip,18-03-2015,55,M,Dell,city3,09:06:38,40
212,27,ComputerAndMobile,MediumSeaGreen,10-02-2015,60,M,MacBook,city2,08:24:26,34
213,30,ElectronicsAppliances,BlueViolet,22-05-2015,40,M,SamsungRefigerator,city4,14:34:36,54
214,20,ComputerAndMobile,Tomato,15-03-2015,55,M,IphoneXs,city2,18:52:26,63
215,31,ComputerAndMobile,DarkSlateGray,08-03-2015,65,M,Dell,city3,20:46:46,74
216,37,ElectronicsAppliances,Gold,22-02-2015,35,M,LGTV,city5,14:45:47,72
217,45,Grossaries,Moccasin,08-05-2015,5,M,Turdal,city5,04:35:13,85
218,36,Grossaries,MediumSeaGreen,29-04-2015,15,F,Ketchup,city5,04:11:31,4
219,29,ComputerAndMobile,LightGreen,08-01-2015,50,M,Dell,city2,23:28:13,76
220,36,Grossaries,Orange,03-04-2015,15,F,WheelSoap,city5,04:20:00,56
221,38,ComputerAndMobile,Cyan,08-03-2015,50,M,OnePlus6T,city3,09:11:01,46
222,27,Grossaries,SlateBlue,11-01-2015,5,F,Ketchup,city1,05:15:18,15
223,35,ComputerAndMobile,BlanchedAlmond,26-05-2015,65,M,Dell,city3,18:02:46,14
224,28,Grossaries,LavenderBlush,01-01-2015,5,F,WheelSoap,city1,08:01:19,84
225,48,ComputerAndMobile,Navy,26-02-2015,55,M,OnePlus6T,city3,23:51:07,88
226,43,ComputerAndMobile,MediumBlue,18-02-2015,60,M,IphoneXs,city3,23:18:21,45
227,22,Fashion,Moccasin,24-07-2015,30,F,Garniearcream,city1,05:21:07,11
228,33,ComputerAndMobile,CadetBlue,27-07-2015,60,M,MacBook,city3,21:03:50,29
229,26,Grossaries,MediumTurquoise,04-06-2015,10,F,Turdal,city1,05:52:50,73
230,32,ComputerAndMobile,DarkGreen,01-05-2015,60,M,IphoneXs,city3,09:55:14,83
231,36,Grossaries,RoyalBlue,04-07-2015,15,F,GaramMasala,city5,08:08:08,74
232,32,ComputerAndMobile,DarkGoldenRod,06-03-2015,55,M,MacBook,city3,20:55:13,7
233,26,ComputerAndMobile,Thistle,24-03-2015,55,M,OnePlus6T,city2,19:50:08,62
234,37,Grossaries,White,25-06-2015,15,F,Ketchup,city5,05:44:03,38
235,26,Grossaries,MediumSpringGreen,04-01-2015,10,F,GaramMasala,city1,02:15:07,99
236,25,ComputerAndMobile,WhiteSmoke,19-01-2015,50,M,MacBook,city2,15:26:38,17
237,35,ComputerAndMobile,BurlyWood,25-01-2015,60,M,OnePlus6T,city3,09:30:03,50
238,23,ComputerAndMobile,YellowGreen,15-03-2015,60,M,IphoneXs,city2,11:37:40,59
239,38,ComputerAndMobile,White,23-07-2015,60,M,Dell,city3,20:17:28,26
240,41,Grossaries,Cyan,26-04-2015,10,F,WheelSoap,city5,00:27:06,81
241,58,Fashion,SlateBlue,03-03-2015,30,F,Radowatch,city4,16:39:36,76
242,44,Grossaries,LightSkyBlue,02-02-2015,5,F,Ketchup,city5,01:26:25,68
243,29,ComputerAndMobile,DarkTurquoise,27-07-2015,60,M,Dell,city2,16:14:29,90
244,31,Grossaries,Gainsboro,21-01-2015,10,F,WheelSoap,city5,04:25:04,14
245,18,ComputerAndMobile,LightCyan,03-01-2015,50,M,OnePlus6T,city2,23:34:46,86
246,30,Grossaries,LightCoral,02-04-2015,5,F,Ketchup,city1,00:16:55,92
247,35,ComputerAndMobile,Turquoise,11-04-2015,55,M,Dell,city3,17:24:58,82
248,41,ComputerAndMobile,DarkOliveGreen,24-04-2015,55,M,MacBook,city3,17:40:05,4
249,18,ElectronicsAppliances,Teal,01-06-2015,40,M,SamsungRefigerator,city4,12:36:19,26
250,24,ComputerAndMobile,DeepPink,26-02-2015,65,M,IphoneXs,city2,21:27:36,25
251,37,ComputerAndMobile,MediumTurquoise,16-03-2015,55,M,Dell,city3,17:17:46,99
252,36,ElectronicsAppliances,DarkCyan,03-07-2015,35,M,LGTV,city5,11:49:58,86
253,36,ComputerAndMobile,PeachPuff,14-06-2015,50,M,OnePlus6T,city3,17:04:47,55
254,30,ComputerAndMobile,Aqua,21-07-2015,60,M,IphoneXs,city2,21:01:05,69
255,41,ComputerAndMobile,MediumTurquoise,22-05-2015,65,M,Dell,city3,10:13:02,16
256,38,ElectronicsAppliances,HotPink,07-05-2015,40,M,LGTV,city5,12:29:46,51
257,30,ComputerAndMobile,SeaShell,23-06-2015,50,M,OnePlus6T,city2,19:28:57,28
258,19,ComputerAndMobile,Orange,19-07-2015,60,M,IphoneXs,city2,09:27:12,99
259,24,ElectronicsAppliances,CadetBlue,02-05-2015,40,M,MorphyToaster,city4,13:44:06,37
260,34,ComputerAndMobile,LightCoral,11-06-2015,55,M,MacBook,city3,15:37:33,24
261,31,ComputerAndMobile,Orchid,14-03-2015,60,M,OnePlus6T,city3,09:51:39,15
262,31,Grossaries,Crimson,06-03-2015,15,F,Ketchup,city5,00:39:20,14
263,27,ElectronicsAppliances,LightGoldenRodYellow,12-04-2015,35,M,MorphyToaster,city4,11:43:22,59
264,35,Grossaries,DarkGoldenRod,11-05-2015,15,F,WheelSoap,city5,05:36:31,18
265,48,ComputerAndMobile,HotPink,18-03-2015,60,M,OnePlus6T,city3,11:00:45,6
266,41,ComputerAndMobile,Blue,13-07-2015,55,M,IphoneXs,city3,21:16:49,64
267,31,ComputerAndMobile,Violet,21-06-2015,60,M,Dell,city3,20:04:15,25
268,35,ComputerAndMobile,Pink,12-03-2015,65,M,MacBook,city3,22:05:40,16
269,38,ComputerAndMobile,SandyBrown,09-01-2015,55,M,OnePlus6T,city3,08:25:53,51
270,27,ComputerAndMobile,LightBlue,24-01-2015,55,M,IphoneXs,city2,19:54:49,47
271,22,ElectronicsAppliances,Gold,24-06-2015,35,M,MorphyToaster,city4,12:34:18,89
272,31,ComputerAndMobile,SteelBlue,15-06-2015,65,M,MacBook,city3,16:47:39,30
273,26,Grossaries,FloralWhite,27-01-2015,5,F,Turdal,city1,00:25:53,7
274,47,ComputerAndMobile,Green,22-01-2015,65,M,IphoneXs,city3,16:53:05,96
275,26,Grossaries,PaleGoldenRod,17-04-2015,15,F,GaramMasala,city1,00:23:27,59
276,32,ComputerAndMobile,Navy,01-07-2015,50,M,MacBook,city3,18:56:20,93
277,33,Grossaries,Coral,20-02-2015,5,F,Turdal,city5,04:35:04,16
278,19,ComputerAndMobile,DarkGreen,14-01-2015,60,M,IphoneXs,city2,22:29:21,62
279,34,ComputerAndMobile,LightSteelBlue,07-06-2015,50,M,Dell,city3,18:31:24,19
280,35,ComputerAndMobile,Aquamarine,10-03-2015,55,M,MacBook,city3,10:59:25,23
281,31,ComputerAndMobile,DarkViolet,14-05-2015,55,M,OnePlus6T,city3,09:47:07,58
282,22,ComputerAndMobile,MediumSpringGreen,22-02-2015,65,M,IphoneXs,city2,16:14:56,8
283,44,ElectronicsAppliances,OliveDrab,04-02-2015,35,M,MorphyToaster,city5,14:49:47,40
284,24,Fashion,Purple,22-04-2015,30,F,NikeShoes,city1,00:21:31,88
285,30,ComputerAndMobile,BlueViolet,08-01-2015,60,M,OnePlus6T,city2,22:03:55,3
286,28,ComputerAndMobile,RoyalBlue,03-04-2015,65,M,IphoneXs,city2,15:05:40,53
287,32,ComputerAndMobile,DarkSeaGreen,12-06-2015,60,M,Dell,city3,16:38:47,64
288,38,Grossaries,AntiqueWhite,12-01-2015,5,F,WheelSoap,city5,03:32:44,75
289,33,Grossaries,Blue,04-08-2015,10,F,Turdal,city5,07:58:01,48
290,51,Fashion,FloralWhite,13-07-2015,25,F,RaybanGlasses,city4,21:58:51,99
291,30,ElectronicsAppliances,Navy,07-01-2015,40,M,MorphyToaster,city4,11:51:25,93
292,39,ElectronicsAppliances,DarkOrange,15-08-2015,40,M,LGTV,city5,12:18:51,49
293,23,ComputerAndMobile,Aqua,14-04-2015,55,M,OnePlus6T,city2,11:25:16,95
294,39,Grossaries,Ivory,28-05-2015,10,F,Ketchup,city5,04:45:58,70
295,27,Grossaries,LavenderBlush,10-02-2015,10,F,GaramMasala,city1,07:24:04,66
296,56,Fashion,Cyan,29-05-2015,30,F,NikeShoes,city4,15:17:23,62
297,38,ElectronicsAppliances,Tan,06-06-2015,35,M,SamsungRefigerator,city5,14:22:26,10
298,29,ComputerAndMobile,PaleVioletRed,06-01-2015,50,M,IphoneXs,city2,23:43:04,21
299,18,ElectronicsAppliances,LightPink,05-03-2015,35,M,MorphyToaster,city4,14:16:32,44
300,43,ComputerAndMobile,Thistle,03-01-2015,60,M,MacBook,city3,10:59:04,4
301,20,Fashion,CadetBlue,10-08-2015,25,F,Radowatch,city1,03:48:53,78
302,34,ComputerAndMobile,AntiqueWhite,07-01-2015,55,M,IphoneXs,city3,09:59:59,4
303,19,Fashion,GhostWhite,28-07-2015,30,F,Garniearcream,city1,01:39:49,41
304,27,ComputerAndMobile,DarkOrchid,08-07-2015,60,M,MacBook,city2,15:15:44,93
305,31,Grossaries,DarkGray,19-05-2015,5,F,Turdal,city5,00:14:57,43
306,36,Grossaries,Gainsboro,21-04-2015,10,F,Ketchup,city5,04:30:14,28
307,25,ElectronicsAppliances,DarkSalmon,29-01-2015,35,M,MorphyToaster,city4,11:41:33,21
308,33,ComputerAndMobile,Ivory,27-02-2015,50,M,MacBook,city3,21:34:03,20
309,21,ElectronicsAppliances,MediumSlateBlue,14-03-2015,35,M,SamsungRefigerator,city4,13:11:17,78
310,23,ComputerAndMobile,Cyan,28-01-2015,55,M,IphoneXs,city2,08:23:15,3
311,24,Fashion,SeaGreen,30-03-2015,25,F,Garniearcream,city1,08:05:23,42
312,46,Grossaries,Purple,17-04-2015,5,F,WheelSoap,city5,05:23:46,100
313,29,ComputerAndMobile,LightBlue,04-07-2015,55,M,OnePlus6T,city2,09:26:16,45
314,24,Fashion,Brown,08-07-2015,30,F,RaybanGlasses,city1,08:19:48,54
315,33,Grossaries,Chocolate,21-02-2015,5,F,GaramMasala,city5,00:06:16,22
316,40,ComputerAndMobile,Thistle,15-04-2015,60,M,MacBook,city3,16:01:57,21
317,29,Grossaries,Purple,16-04-2015,5,F,Turdal,city1,07:19:38,28
318,28,ComputerAndMobile,MistyRose,27-05-2015,55,M,IphoneXs,city2,21:10:33,88
319,38,ComputerAndMobile,Indigo,21-03-2015,60,M,Dell,city3,09:52:29,87
320,18,ElectronicsAppliances,Gold,08-04-2015,35,M,LGTV,city4,12:15:07,70
321,32,ComputerAndMobile,PeachPuff,02-08-2015,60,M,OnePlus6T,city3,11:39:27,17
322,36,ComputerAndMobile,LightSalmon,20-07-2015,50,M,IphoneXs,city3,11:14:56,98
323,53,Fashion,DarkOrange,14-01-2015,30,F,Garniearcream,city4,23:02:45,98
324,39,ComputerAndMobile,SlateBlue,28-02-2015,65,M,MacBook,city3,17:21:09,63
325,31,ElectronicsAppliances,MintCream,08-05-2015,40,M,SamsungRefigerator,city5,14:24:48,29
326,33,ComputerAndMobile,NavajoWhite,18-03-2015,55,M,IphoneXs,city3,15:33:33,66
327,32,ComputerAndMobile,Tomato,12-01-2015,60,M,Dell,city3,15:01:26,48
328,24,Fashion,DarkSeaGreen,23-05-2015,25,F,NikeShoes,city1,02:07:08,74
329,33,Grossaries,Lavender,08-02-2015,10,F,Turdal,city5,07:29:53,14
330,36,ComputerAndMobile,DodgerBlue,05-03-2015,50,M,IphoneXs,city3,10:04:27,38
331,34,ComputerAndMobile,Wheat,13-06-2015,50,M,Dell,city3,18:11:12,98
332,31,Grossaries,MediumVioletRed,20-06-2015,5,F,WheelSoap,city5,02:20:43,81
333,32,Grossaries,Magenta,03-01-2015,10,F,Turdal,city5,01:41:27,39
334,36,ComputerAndMobile,SeaShell,05-02-2015,50,M,IphoneXs,city3,18:22:56,97
335,28,ElectronicsAppliances,HoneyDew,21-07-2015,35,M,MorphyToaster,city4,13:55:24,71
336,44,ElectronicsAppliances,LightCyan,11-06-2015,40,M,LGTV,city5,12:29:18,37
337,40,ComputerAndMobile,Khaki,09-04-2015,60,M,OnePlus6T,city3,21:13:32,31
338,34,ComputerAndMobile,Crimson,08-07-2015,55,M,IphoneXs,city3,22:15:00,37
339,20,Fashion,White,08-04-2015,25,F,Garniearcream,city1,01:24:55,49
340,23,ComputerAndMobile,RoyalBlue,10-05-2015,65,M,MacBook,city2,11:36:21,38
341,36,Grossaries,DarkViolet,06-04-2015,5,F,Turdal,city5,05:04:00,70
342,43,ComputerAndMobile,DarkSeaGreen,16-06-2015,50,M,IphoneXs,city3,11:10:24,2
343,33,ComputerAndMobile,Navy,15-02-2015,55,M,Dell,city3,19:30:18,95
344,23,ComputerAndMobile,Gray,30-05-2015,60,M,MacBook,city2,16:30:48,92
345,40,ComputerAndMobile,Purple,01-04-2015,65,M,OnePlus6T,city3,19:09:10,21
346,23,ComputerAndMobile,RosyBrown,23-03-2015,60,M,IphoneXs,city2,08:29:17,24
347,34,ComputerAndMobile,White,05-06-2015,50,M,Dell,city3,18:24:19,82
348,45,Grossaries,MediumTurquoise,13-06-2015,10,M,WheelSoap,city5,07:30:53,83
349,33,Grossaries,Bisque,25-02-2015,15,F,Turdal,city5,05:09:12,57
350,32,ComputerAndMobile,SaddleBrown,01-02-2015,60,M,IphoneXs,city3,11:07:02,59
351,18,ComputerAndMobile,YellowGreen,12-07-2015,50,M,Dell,city2,09:29:46,79
352,32,ComputerAndMobile,LavenderBlush,13-01-2015,55,M,MacBook,city3,17:51:39,23
353,37,ComputerAndMobile,IndianRed,04-07-2015,65,M,OnePlus6T,city3,15:27:34,7
354,25,ComputerAndMobile,DarkKhaki,25-03-2015,55,M,IphoneXs,city2,20:41:34,76
355,39,ComputerAndMobile,SaddleBrown,03-01-2015,50,M,Dell,city3,09:57:31,98
356,43,ComputerAndMobile,Orchid,21-07-2015,65,M,MacBook,city3,15:57:10,3
357,25,ElectronicsAppliances,DarkCyan,11-01-2015,40,M,SamsungRefigerator,city4,11:51:18,65
358,24,Fashion,Aquamarine,12-08-2015,25,F,RaybanGlasses,city1,04:45:14,33
359,35,ComputerAndMobile,Brown,27-05-2015,55,M,Dell,city3,16:45:59,20
360,36,ComputerAndMobile,DarkMagenta,13-07-2015,60,M,MacBook,city3,23:27:11,86
361,25,ComputerAndMobile,Cornsilk,04-06-2015,55,M,OnePlus6T,city2,19:57:43,49
362,34,Grossaries,LightSalmon,26-06-2015,15,F,Ketchup,city5,05:50:58,85
363,24,Fashion,Chocolate,12-04-2015,30,F,Garniearcream,city1,03:58:35,57
364,42,ComputerAndMobile,PaleVioletRed,03-03-2015,55,M,MacBook,city3,19:46:48,29
365,22,ComputerAndMobile,Wheat,07-02-2015,55,M,OnePlus6T,city2,17:11:57,20
366,42,Grossaries,OldLace,27-02-2015,15,F,Ketchup,city5,06:34:33,56
367,38,Grossaries,SlateBlue,23-04-2015,5,F,GaramMasala,city5,04:44:50,34
368,41,Grossaries,Orchid,24-07-2015,5,F,WheelSoap,city5,04:26:41,36
369,44,ComputerAndMobile,MediumAquaMarine,12-01-2015,60,M,OnePlus6T,city3,21:50:18,16
370,40,Grossaries,SeaGreen,11-03-2015,5,F,Ketchup,city5,07:41:37,26
371,36,ComputerAndMobile,MediumSpringGreen,07-03-2015,50,M,Dell,city3,23:50:55,100
372,26,ElectronicsAppliances,LightSeaGreen,03-07-2015,40,M,LGTV,city4,14:50:15,85
373,29,Grossaries,DarkKhaki,29-05-2015,15,F,Turdal,city1,02:46:18,3
374,33,Grossaries,SaddleBrown,28-04-2015,5,F,Ketchup,city5,03:25:36,42
375,47,ComputerAndMobile,Turquoise,03-07-2015,55,M,Dell,city3,18:54:15,56
376,32,Grossaries,AntiqueWhite,03-08-2015,15,F,WheelSoap,city5,04:22:40,87
377,28,ComputerAndMobile,GoldenRod,21-06-2015,50,M,OnePlus6T,city2,21:06:32,58
378,22,ComputerAndMobile,Teal,11-04-2015,55,M,IphoneXs,city2,23:39:05,18
379,26,ComputerAndMobile,Bisque,27-01-2015,55,M,Dell,city2,22:10:56,83
380,30,ElectronicsAppliances,PaleGreen,10-01-2015,40,M,LGTV,city4,14:49:50,66
381,38,ComputerAndMobile,RosyBrown,22-02-2015,60,M,OnePlus6T,city3,20:57:21,63
382,24,ComputerAndMobile,Crimson,26-07-2015,60,M,IphoneXs,city2,17:04:07,70
383,33,Grossaries,Brown,22-02-2015,5,F,GaramMasala,city5,07:29:54,34
384,48,ComputerAndMobile,Gold,31-07-2015,55,M,MacBook,city3,10:11:17,31
385,19,Fashion,SeaGreen,09-05-2015,25,F,Radowatch,city1,03:55:38,17
386,35,ComputerAndMobile,LightYellow,09-04-2015,60,M,IphoneXs,city3,19:24:53,79
387,31,ComputerAndMobile,LemonChiffon,18-01-2015,60,M,Dell,city3,17:27:00,36
388,28,Grossaries,DarkOrange,13-07-2015,15,F,WheelSoap,city1,07:24:20,56
389,23,Fashion,LightCyan,06-01-2015,25,F,Radowatch,city1,02:20:12,34
390,36,ComputerAndMobile,Gray,13-06-2015,60,M,IphoneXs,city3,22:24:03,8
391,24,ComputerAndMobile,MediumVioletRed,08-01-2015,65,M,Dell,city2,08:45:26,40
392,38,ComputerAndMobile,OrangeRed,25-01-2015,55,M,MacBook,city3,18:12:28,55
393,24,ComputerAndMobile,DeepPink,05-06-2015,65,M,OnePlus6T,city2,21:50:19,14
394,32,ElectronicsAppliances,DeepPink,02-01-2015,35,M,UshaIronBox,city5,12:16:22,70
395,28,Grossaries,GhostWhite,11-08-2015,15,F,GaramMasala,city1,00:36:30,64
396,31,ComputerAndMobile,Green,13-02-2015,60,M,MacBook,city3,17:09:26,9
397,42,ElectronicsAppliances,CadetBlue,06-02-2015,35,M,SamsungRefigerator,city5,13:17:29,5
398,22,Fashion,DarkOliveGreen,27-02-2015,25,F,RaybanGlasses,city1,03:15:09,51
399,23,Fashion,IndianRed,23-04-2015,30,F,Garniearcream,city1,06:53:51,75
400,35,ComputerAndMobile,Snow,12-07-2015,50,M,MacBook,city3,23:03:39,28
401,42,ComputerAndMobile,DarkSeaGreen,10-07-2015,55,M,OnePlus6T,city3,19:12:11,45
402,40,Grossaries,BlueViolet,12-01-2015,10,F,Ketchup,city5,07:03:56,32
403,38,ComputerAndMobile,OliveDrab,04-01-2015,50,M,Dell,city3,11:09:20,13
404,36,ComputerAndMobile,MediumSpringGreen,13-08-2015,65,M,MacBook,city3,10:11:31,68
405,45,ComputerAndMobile,MediumSlateBlue,05-05-2015,60,M,OnePlus6T,city3,10:11:47,87
406,29,Grossaries,GhostWhite,12-04-2015,10,F,Ketchup,city1,06:48:11,15
407,38,ComputerAndMobile,Purple,01-05-2015,60,M,Dell,city3,10:06:59,38
408,36,ComputerAndMobile,SandyBrown,06-01-2015,65,M,MacBook,city3,20:05:55,36
409,28,ComputerAndMobile,LightCyan,04-08-2015,65,M,OnePlus6T,city2,18:09:34,6
410,23,Fashion,LightSalmon,15-02-2015,30,F,RaybanGlasses,city1,02:28:57,39
411,38,Grossaries,Chartreuse,22-07-2015,5,F,GaramMasala,city5,06:21:21,34
412,35,ElectronicsAppliances,DarkGoldenRod,02-05-2015,40,M,LGTV,city5,11:54:44,87
413,41,ComputerAndMobile,Cornsilk,09-02-2015,55,M,OnePlus6T,city3,19:40:18,24
414,36,ComputerAndMobile,Magenta,17-02-2015,60,M,IphoneXs,city3,16:31:48,95
415,34,Grossaries,SaddleBrown,06-04-2015,15,F,GaramMasala,city5,04:10:30,40
416,30,ComputerAndMobile,DarkViolet,27-06-2015,60,M,MacBook,city2,19:43:03,35
417,34,ComputerAndMobile,Chocolate,29-04-2015,50,M,OnePlus6T,city3,21:30:02,95
418,21,ElectronicsAppliances,DarkViolet,13-02-2015,40,M,UshaIronBox,city4,12:14:53,77
419,46,ComputerAndMobile,Magenta,13-08-2015,65,M,Dell,city3,20:23:01,80
420,24,ComputerAndMobile,HotPink,06-01-2015,65,M,MacBook,city2,16:33:24,23
421,44,ComputerAndMobile,DodgerBlue,13-02-2015,55,M,OnePlus6T,city3,18:13:27,4
422,36,ComputerAndMobile,Turquoise,12-01-2015,55,M,IphoneXs,city3,20:54:11,0
423,24,ComputerAndMobile,Blue,07-08-2015,55,M,Dell,city2,17:04:51,85
424,22,Fashion,PaleVioletRed,08-02-2015,30,F,NikeShoes,city1,08:12:37,96
425,23,Fashion,MidnightBlue,09-08-2015,25,F,Radowatch,city1,04:58:23,98
426,23,Fashion,BlanchedAlmond,28-01-2015,30,F,RaybanGlasses,city1,03:47:53,3
427,39,Grossaries,Black,14-05-2015,5,F,GaramMasala,city5,06:11:49,52
428,39,ElectronicsAppliances,DodgerBlue,26-04-2015,35,M,LGTV,city5,13:20:03,76
429,45,Grossaries,DarkGreen,27-05-2015,5,M,Turdal,city5,07:01:33,76
430,21,Fashion,BlanchedAlmond,25-06-2015,30,F,RaybanGlasses,city1,00:22:42,12
431,51,Grossaries,Bisque,26-02-2015,10,F,GaramMasala,city5,05:30:22,55
432,33,ComputerAndMobile,Cyan,17-06-2015,50,M,MacBook,city3,17:54:44,9
433,51,Grossaries,Lavender,10-03-2015,10,F,Turdal,city5,12:00:12,77
434,33,ElectronicsAppliances,Violet,18-04-2015,35,M,UshaIronBox,city5,13:31:33,21
435,34,ElectronicsAppliances,Fuchsia,29-03-2015,35,M,MorphyToaster,city5,13:10:15,79
436,39,ComputerAndMobile,MistyRose,16-03-2015,60,M,MacBook,city3,23:56:19,8
437,52,Fashion,CadetBlue,05-01-2015,30,F,Radowatch,city4,23:59:54,73
438,35,ElectronicsAppliances,LightSteelBlue,06-03-2015,35,M,UshaIronBox,city5,14:40:07,4
439,33,ElectronicsAppliances,Brown,11-01-2015,35,M,MorphyToaster,city5,13:29:29,26
440,34,ComputerAndMobile,Salmon,07-07-2015,50,M,MacBook,city3,17:57:52,48
441,20,Fashion,FireBrick,15-07-2015,25,F,Radowatch,city1,03:11:36,37
442,35,Grossaries,Lime,06-05-2015,15,F,Ketchup,city5,07:58:08,97
443,38,ComputerAndMobile,GreenYellow,19-04-2015,50,M,Dell,city3,21:00:57,44
444,60,Fashion,DarkOrchid,01-01-2015,25,F,NikeShoes,city4,17:10:13,71
445,30,Grossaries,Blue,08-01-2015,15,F,Turdal,city1,05:44:34,3
446,27,ComputerAndMobile,Olive,03-02-2015,60,M,IphoneXs,city2,17:56:35,39
447,36,ComputerAndMobile,Wheat,23-06-2015,55,M,Dell,city3,10:42:35,49
448,42,Grossaries,AliceBlue,01-03-2015,5,F,WheelSoap,city5,03:23:28,44
449,33,ComputerAndMobile,OliveDrab,16-03-2015,60,M,OnePlus6T,city3,16:43:14,22
450,42,Grossaries,Linen,05-04-2015,10,F,Ketchup,city5,00:16:47,19
451,33,ComputerAndMobile,LightSlateGray,01-08-2015,65,M,Dell,city3,22:51:20,76
452,30,ComputerAndMobile,Indigo,16-02-2015,60,M,MacBook,city2,21:47:04,59
453,45,ComputerAndMobile,Lime,21-06-2015,50,M,OnePlus6T,city3,23:28:15,99
454,22,ComputerAndMobile,SteelBlue,23-02-2015,65,M,IphoneXs,city2,22:10:20,36
455,34,ElectronicsAppliances,Olive,22-05-2015,35,M,MorphyToaster,city5,13:18:20,77
456,33,Grossaries,HoneyDew,01-04-2015,5,F,WheelSoap,city5,00:35:28,30
457,39,Grossaries,MidnightBlue,15-02-2015,10,F,Turdal,city5,01:50:49,17
458,36,ComputerAndMobile,DarkViolet,12-07-2015,55,M,IphoneXs,city3,22:54:17,95
459,25,Fashion,Sienna,28-03-2015,30,F,Garniearcream,city1,00:49:58,84
460,36,ElectronicsAppliances,Pink,07-04-2015,35,M,LGTV,city5,13:19:42,72
461,37,ComputerAndMobile,LightSkyBlue,05-05-2015,65,M,OnePlus6T,city3,23:04:49,41
462,29,Grossaries,SaddleBrown,29-05-2015,15,F,Ketchup,city1,01:02:16,43
463,37,Grossaries,SteelBlue,19-03-2015,5,F,GaramMasala,city5,04:07:41,78
464,37,ComputerAndMobile,Thistle,06-06-2015,65,M,MacBook,city3,17:31:17,85
465,34,ComputerAndMobile,BlanchedAlmond,24-05-2015,60,M,OnePlus6T,city3,19:11:25,14
466,47,ComputerAndMobile,Turquoise,08-07-2015,60,M,IphoneXs,city3,10:01:06,29
467,25,ComputerAndMobile,Orange,09-08-2015,50,M,Dell,city2,22:21:50,26
468,35,ComputerAndMobile,Beige,03-03-2015,65,M,MacBook,city3,17:39:51,49
469,21,ComputerAndMobile,YellowGreen,26-02-2015,60,M,OnePlus6T,city2,16:32:37,3
470,21,ComputerAndMobile,SlateGray,14-08-2015,65,M,IphoneXs,city2,20:51:53,90
471,33,Grossaries,Bisque,12-01-2015,10,F,GaramMasala,city5,06:27:25,80
472,41,Grossaries,Orange,27-06-2015,5,F,WheelSoap,city5,06:40:37,97
473,39,ComputerAndMobile,DimGray,07-06-2015,60,M,OnePlus6T,city3,17:40:47,7
474,36,ComputerAndMobile,MediumBlue,13-02-2015,60,M,IphoneXs,city3,20:53:33,6
475,26,ComputerAndMobile,AntiqueWhite,02-06-2015,60,M,Dell,city2,21:29:42,75
476,42,Grossaries,Beige,08-02-2015,15,F,WheelSoap,city5,04:39:07,39
477,26,Grossaries,Beige,26-05-2015,5,F,Turdal,city1,07:44:04,15
478,23,ComputerAndMobile,PeachPuff,14-02-2015,50,M,IphoneXs,city2,17:50:36,76
479,35,ElectronicsAppliances,LightPink,15-01-2015,40,M,MorphyToaster,city5,14:40:08,58
480,32,ComputerAndMobile,WhiteSmoke,08-07-2015,60,M,MacBook,city3,08:28:24,87
481,31,Grossaries,MediumOrchid,15-05-2015,5,F,Turdal,city5,01:47:02,18
482,43,ComputerAndMobile,Olive,15-05-2015,65,M,IphoneXs,city3,21:42:24,75
483,41,Grossaries,MistyRose,02-07-2015,10,F,GaramMasala,city5,05:11:20,31
484,33,ElectronicsAppliances,DarkRed,08-05-2015,35,M,LGTV,city5,12:13:21,91
485,37,ElectronicsAppliances,Pink,28-04-2015,40,M,SamsungRefigerator,city5,12:33:16,97
486,47,Grossaries,DarkGray,06-04-2015,10,F,Ketchup,city5,07:50:46,26
487,37,Grossaries,Orchid,12-06-2015,10,F,GaramMasala,city5,06:42:03,81
488,29,Grossaries,PeachPuff,05-04-2015,10,F,WheelSoap,city1,01:02:39,63
489,33,Grossaries,Magenta,21-01-2015,15,F,Turdal,city5,03:38:56,92
490,28,ComputerAndMobile,GhostWhite,11-01-2015,65,M,IphoneXs,city2,16:59:52,24
491,25,Fashion,SeaShell,04-08-2015,30,F,Garniearcream,city1,02:10:05,11
492,24,ComputerAndMobile,DarkBlue,21-01-2015,60,M,MacBook,city2,22:37:33,4
493,30,ElectronicsAppliances,MediumSeaGreen,06-03-2015,35,M,SamsungRefigerator,city4,12:01:37,40
494,32,ComputerAndMobile,DarkTurquoise,04-06-2015,60,M,IphoneXs,city3,11:00:16,23
495,32,Grossaries,Tan,13-03-2015,5,F,GaramMasala,city5,07:02:07,64
496,33,ComputerAndMobile,PaleVioletRed,08-01-2015,50,M,MacBook,city3,10:34:13,12
497,31,Grossaries,Cornsilk,11-05-2015,15,F,Turdal,city5,02:23:25,60
498,34,ComputerAndMobile,Teal,30-05-2015,65,M,IphoneXs,city3,09:56:23,6
499,37,ComputerAndMobile,DarkMagenta,15-08-2015,65,M,Dell,city3,10:17:29,90
